id,first_name,last_name,email,gender,ip_address
1,Pearl,Ennals,pennals0@google.ru,Female,254.38.75.30
2,Nigel,Kelland,nkelland1@1688.com,Male,59.136.94.67
3,Rolando,Gammage,rgammage2@dyndns.org,Male,251.16.66.148
4,Cullen,Hamon,chamon3@cafepress.com,Male,45.28.192.77
5,Caesar,Raggitt,craggitt4@kickstarter.com,Male,97.16.70.243
6,Jeff,Rosiello,jrosiello5@drupal.org,Male,63.106.205.87
7,Gerti,Quinell,gquinell6@youku.com,Female,18.121.106.31
8,Carlye,Constanza,cconstanza7@census.gov,Female,102.166.197.235
9,Hazel,Olden,holden8@netvibes.com,Male,219.53.144.66
10,Wolfie,Cantor,wcantor9@japanpost.jp,Male,108.251.205.65
11,Eldin,Allnutt,eallnutta@sciencedirect.com,Male,235.57.81.1
12,Oneida,Moss,omossb@behance.net,Female,60.10.182.80
13,Tiebold,Dressell,tdressellc@washington.edu,Male,118.166.242.92
14,Olivero,Worvill,oworvilld@senate.gov,Male,63.86.106.254
15,Orion,Mickleburgh,omickleburghe@drupal.org,Male,157.25.105.27
16,Lacy,Krikorian,lkrikorianf@stanford.edu,Female,78.161.178.134
17,Sula,Bellhanger,sbellhangerg@si.edu,Female,98.92.246.153
18,Belita,Truscott,btruscotth@booking.com,Female,253.44.46.56
19,Bronny,Ambrogelli,bambrogellii@nymag.com,Male,245.209.54.238
20,Beryl,McCurt,bmccurtj@xing.com,Female,172.99.16.128
21,Boot,Ventom,bventomk@live.com,Male,129.187.10.92
22,Marleah,Crudgington,mcrudgingtonl@fc2.com,Female,254.154.231.68
23,Jules,Pawle,jpawlem@about.me,Male,64.223.48.146
24,Hewet,Legges,hleggesn@canalblog.com,Male,43.255.13.163
25,Waylin,Killby,wkillbyo@seesaa.net,Male,148.115.33.217
26,Dreddy,Rouzet,drouzetp@harvard.edu,Female,19.51.229.8
27,Gabriell,Dulake,gdulakeq@telegraph.co.uk,Female,145.3.84.250
28,Thebault,Storrs,tstorrsr@csmonitor.com,Male,57.202.179.229
29,Gaven,Hellen,ghellens@bloglovin.com,Male,175.205.85.156
30,Neal,Gosenell,ngosenellt@hostgator.com,Male,112.60.170.239
31,Charlot,Vivash,cvivashu@sciencedaily.com,Female,108.48.136.244
32,Maddie,Sara,msarav@networksolutions.com,Male,219.255.164.155
33,Demetre,Macveigh,dmacveighw@linkedin.com,Male,201.36.78.191
34,Virgilio,Broadbury,vbroadburyx@blogs.com,Male,219.29.89.158
35,Hi,Grainger,hgraingery@globo.com,Male,45.210.161.0
36,Gianni,Leachman,gleachmanz@ask.com,Male,183.213.216.196
37,Emalee,Sellens,esellens10@fotki.com,Female,126.41.164.34
38,Maris,Dannehl,mdannehl11@issuu.com,Agender,184.150.144.149
39,Lamar,Breinl,lbreinl12@skyrock.com,Male,116.34.203.189
40,Sybyl,Arp,sarp13@xinhuanet.com,Female,244.48.67.33
41,Sissie,Insoll,sinsoll14@mediafire.com,Female,237.184.0.47
42,Pooh,Brotherick,pbrotherick15@narod.ru,Male,78.18.56.164
43,Lambert,Bromhead,lbromhead16@plala.or.jp,Male,195.110.182.200
44,Bram,Cluney,bcluney17@4shared.com,Male,52.152.19.132
45,Audrey,Renfield,arenfield18@behance.net,Female,160.12.39.216
46,Zorah,Garment,zgarment19@blogspot.com,Genderfluid,15.114.194.168
47,Whitney,Redholls,wredholls1a@yellowpages.com,Female,166.54.247.228
48,Linette,Caslett,lcaslett1b@jiathis.com,Female,9.246.130.43
49,Nance,Shovelton,nshovelton1c@biglobe.ne.jp,Female,131.63.30.24
50,Gare,Tubby,gtubby1d@fc2.com,Male,143.54.162.223
51,Staford,Rosenfeld,srosenfeld1e@indiatimes.com,Male,61.46.237.135
52,Isobel,Waple,iwaple1f@amazon.co.jp,Female,120.107.230.241
53,Ardella,Deveraux,adeveraux1g@google.co.uk,Female,17.210.89.235
54,Cecilio,Dalligan,cdalligan1h@biblegateway.com,Male,214.210.239.118
55,Nick,Pawlick,npawlick1i@army.mil,Male,125.234.1.2
56,Jerrine,Chomley,jchomley1j@amazonaws.com,Female,248.207.207.185
57,Rina,Arnow,rarnow1k@ustream.tv,Female,218.251.42.243
58,Tarah,Schultze,tschultze1l@nih.gov,Bigender,48.162.126.202
59,Annabella,Telezhkin,atelezhkin1m@weebly.com,Female,162.150.58.168
60,Jaye,Duckerin,jduckerin1n@amazon.co.uk,Male,45.48.100.230
61,Agneta,Thornthwaite,athornthwaite1o@hatena.ne.jp,Female,23.24.153.157
62,Clotilda,Arenson,carenson1p@opera.com,Non-binary,153.127.51.115
63,Rufe,Garry,rgarry1q@disqus.com,Male,223.45.17.61
64,Hetti,Clayhill,hclayhill1r@zdnet.com,Female,38.186.99.146
65,Dougy,Withinshaw,dwithinshaw1s@free.fr,Male,229.81.33.189
66,Jody,Boord,jboord1t@gnu.org,Male,157.194.158.9
67,Irv,Carcas,icarcas1u@bing.com,Male,143.188.166.89
68,Tomasina,Stonebridge,tstonebridge1v@cafepress.com,Non-binary,66.88.88.37
69,Carlos,Pithcock,cpithcock1w@ihg.com,Male,190.254.5.142
70,Kizzie,Pendle,kpendle1x@aboutads.info,Non-binary,170.188.7.237
71,Christopher,Woolatt,cwoolatt1y@angelfire.com,Male,20.11.2.149
72,Alana,Salmoni,asalmoni1z@godaddy.com,Female,74.218.126.23
73,Elysee,D'Alesio,edalesio20@ow.ly,Female,217.85.212.64
74,Beatriz,Drysdell,bdrysdell21@jiathis.com,Female,7.235.23.196
75,Garner,Denyukin,gdenyukin22@bbb.org,Male,225.229.207.230
76,Kyla,des Remedios,kdesremedios23@sbwire.com,Female,68.144.74.164
77,Trula,Baraja,tbaraja24@smugmug.com,Female,201.251.230.229
78,Trisha,Oswal,toswal25@rakuten.co.jp,Female,181.109.79.101
79,Lyle,Ripping,lripping26@independent.co.uk,Male,122.212.10.156
80,Rowney,Brigdale,rbrigdale27@infoseek.co.jp,Male,63.54.222.154
81,Eileen,Neasham,eneasham28@psu.edu,Female,199.47.174.131
82,Debbie,Bedberry,dbedberry29@google.it,Female,253.165.221.251
83,Garrick,Dagnall,gdagnall2a@gov.uk,Male,111.186.116.162
84,Horace,Baughn,hbaughn2b@vistaprint.com,Male,80.134.250.122
85,Jarret,Passion,jpassion2c@a8.net,Male,55.124.134.134
86,Earvin,Longhorn,elonghorn2d@ezinearticles.com,Male,92.67.76.25
87,Melania,Swindells,mswindells2e@ameblo.jp,Genderfluid,123.112.50.130
88,Nan,Hannigan,nhannigan2f@addthis.com,Female,113.133.168.26
89,Calv,Wegner,cwegner2g@behance.net,Male,121.196.120.222
90,Glennis,Low,glow2h@webnode.com,Female,228.32.146.181
91,Luis,Sparrowhawk,lsparrowhawk2i@cyberchimps.com,Male,242.152.30.174
92,Marcy,Yesinov,myesinov2j@lulu.com,Female,198.103.168.106
93,Ellissa,Kensley,ekensley2k@umich.edu,Female,202.46.30.100
94,Kimmie,Lippatt,klippatt2l@nasa.gov,Female,253.17.109.255
95,Jannel,Sire,jsire2m@oracle.com,Female,213.32.108.22
96,Hector,Jillitt,hjillitt2n@microsoft.com,Male,39.164.247.26
97,Lelah,Hutchens,lhutchens2o@histats.com,Female,2.238.100.235
98,Gray,Curds,gcurds2p@free.fr,Female,0.36.193.133
99,Kevan,Guidone,kguidone2q@discuz.net,Male,28.179.71.176
100,Stephana,Cull,scull2r@sphinn.com,Female,63.19.112.154
101,Washington,Cornelleau,wcornelleau2s@phpbb.com,Male,0.159.11.84
102,Dugald,O'Doherty,dodoherty2t@cyberchimps.com,Male,223.128.21.173
103,Ephrem,Werner,ewerner2u@pen.io,Male,108.108.128.251
104,Lydia,Cruden,lcruden2v@home.pl,Female,114.249.32.230
105,Johnath,Aronoff,jaronoff2w@usda.gov,Female,127.181.62.133
106,Hilarius,Argont,hargont2x@yellowpages.com,Male,110.181.14.31
107,Burl,Fawthorpe,bfawthorpe2y@si.edu,Male,196.130.204.237
108,Silvio,Oxburgh,soxburgh2z@wikispaces.com,Male,49.63.193.16
109,Maxine,Beloe,mbeloe30@parallels.com,Female,229.62.118.48
110,Etan,Pomfrey,epomfrey31@devhub.com,Male,212.192.18.186
111,Betty,Connah,bconnah32@wikispaces.com,Female,189.100.77.147
112,Zeke,Robyns,zrobyns33@wisc.edu,Male,210.28.53.90
113,Yule,Ruske,yruske34@furl.net,Male,31.230.148.108
114,Emanuel,Frake,efrake35@moonfruit.com,Male,125.181.71.247
115,Sibby,Fossick,sfossick36@constantcontact.com,Female,180.248.231.145
116,Jillana,Winsley,jwinsley37@reference.com,Female,1.4.71.59
117,Eileen,Fumagallo,efumagallo38@home.pl,Female,234.233.40.227
118,Cahra,Thornton,cthornton39@mysql.com,Bigender,224.37.215.196
119,Brunhilda,Dumsday,bdumsday3a@squarespace.com,Female,9.146.61.92
120,Cleveland,Cattellion,ccattellion3b@nytimes.com,Male,0.246.144.85
121,Theresina,Brugsma,tbrugsma3c@bloglovin.com,Female,127.131.27.98
122,Hugues,Durnill,hdurnill3d@mit.edu,Genderfluid,251.128.231.46
123,Stanley,Curds,scurds3e@foxnews.com,Male,88.130.182.38
124,Rowney,Spear,rspear3f@nasa.gov,Genderqueer,17.10.165.148
125,Perren,Edelheit,pedelheit3g@sogou.com,Male,80.71.1.167
126,Alf,Chawkley,achawkley3h@shinystat.com,Male,157.117.188.235
127,Heinrik,Crittal,hcrittal3i@homestead.com,Male,1.198.38.56
128,Morgen,Crottagh,mcrottagh3j@cam.ac.uk,Male,52.136.97.187
129,Patrica,Strippel,pstrippel3k@networkadvertising.org,Female,53.211.251.210
130,Judith,Chotty,jchotty3l@wordpress.org,Female,180.235.24.241
131,Huntington,Tothe,htothe3m@ovh.net,Male,212.164.244.255
132,Alyda,Enoksson,aenoksson3n@samsung.com,Female,198.250.86.58
133,Car,Ducroe,cducroe3o@ezinearticles.com,Male,214.50.229.140
134,Darsey,Izacenko,dizacenko3p@paginegialle.it,Female,255.7.12.200
135,Eduino,Florentine,eflorentine3q@marketwatch.com,Polygender,7.86.12.215
136,Kris,Urey,kurey3r@fda.gov,Female,186.4.46.15
137,Sonia,Kanzler,skanzler3s@java.com,Female,197.184.233.42
138,Tilly,Firks,tfirks3t@reddit.com,Genderfluid,28.148.129.219
139,Ranna,Coltart,rcoltart3u@pbs.org,Female,171.95.60.70
140,Jasper,Janouch,jjanouch3v@patch.com,Male,0.35.35.51
141,Jefferson,Geaney,jgeaney3w@networksolutions.com,Male,148.97.70.25
142,Dolf,Guirardin,dguirardin3x@woothemes.com,Male,23.125.227.188
143,Cirillo,Checketts,cchecketts3y@vinaora.com,Male,211.99.211.237
144,Emlyn,Jovis,ejovis3z@mtv.com,Female,140.251.58.0
145,Ted,Oventon,toventon40@eepurl.com,Female,140.253.87.57
146,Guinna,Gepheart,ggepheart41@histats.com,Female,202.138.152.99
147,Ardis,Samber,asamber42@ox.ac.uk,Female,227.113.71.219
148,Karalynn,Duprey,kduprey43@flickr.com,Female,191.74.243.221
149,Frannie,Klimt,fklimt44@epa.gov,Female,212.126.64.124
150,Mahmud,Spira,mspira45@japanpost.jp,Male,125.44.184.235
151,Bartholomeus,Eskriett,beskriett46@creativecommons.org,Male,249.230.23.231
152,Jerrie,Rizzillo,jrizzillo47@marketwatch.com,Male,106.90.94.19
153,Berk,Bresner,bbresner48@jugem.jp,Male,147.109.237.107
154,Valma,Butt Gow,vbuttgow49@rakuten.co.jp,Female,160.73.166.27
155,Juliet,Rankling,jrankling4a@mapy.cz,Female,231.175.36.151
156,Deedee,Dolligon,ddolligon4b@clickbank.net,Female,197.202.69.199
157,Evelyn,Beuscher,ebeuscher4c@statcounter.com,Male,28.20.208.146
158,Fannie,Sindell,fsindell4d@cocolog-nifty.com,Female,128.182.8.93
159,Corny,Yakobowitz,cyakobowitz4e@issuu.com,Agender,219.193.35.142
160,Tedra,Hundall,thundall4f@blogger.com,Female,59.42.130.75
161,Dacey,Lemme,dlemme4g@reddit.com,Female,122.74.57.146
162,Marielle,Lilburne,mlilburne4h@hatena.ne.jp,Female,17.206.152.21
163,Violet,Martinuzzi,vmartinuzzi4i@apple.com,Female,74.79.108.24
164,Tedi,Boon,tboon4j@mail.ru,Female,78.43.3.168
165,Gelya,Macy,gmacy4k@google.es,Genderfluid,69.117.100.229
166,Adoree,Wigg,awigg4l@mtv.com,Female,241.62.139.33
167,Gordan,Sellers,gsellers4m@behance.net,Male,89.108.199.106
168,Chiquita,Quiddington,cquiddington4n@economist.com,Female,216.80.174.89
169,Cynthea,Cesconi,ccesconi4o@cornell.edu,Female,144.170.49.16
170,Millard,Garbett,mgarbett4p@si.edu,Agender,56.58.20.18
171,Enoch,Orgee,eorgee4q@rediff.com,Male,185.151.244.173
172,Kareem,McFee,kmcfee4r@slideshare.net,Male,85.246.247.46
173,Standford,MacLice,smaclice4s@yellowpages.com,Male,109.29.203.213
174,Nance,Whatman,nwhatman4t@csmonitor.com,Female,100.176.46.6
175,Jasun,Ramsay,jramsay4u@foxnews.com,Male,183.221.91.97
176,Kayle,d'Arcy,kdarcy4v@blinklist.com,Female,64.154.0.131
177,Sasha,Newart,snewart4w@npr.org,Male,137.71.134.66
178,Patricia,Ondrich,pondrich4x@aol.com,Female,153.210.50.209
179,Krissie,Merck,kmerck4y@etsy.com,Female,145.96.167.206
180,Emera,Reyner,ereyner4z@domainmarket.com,Female,23.244.5.238
181,Arte,Kopps,akopps50@elegantthemes.com,Male,184.130.210.77
182,Sari,McGavigan,smcgavigan51@msu.edu,Female,157.157.210.5
183,Logan,Cossom,lcossom52@google.com.hk,Male,44.180.245.191
184,Rip,Roffe,rroffe53@chicagotribune.com,Male,20.97.85.63
185,Hamish,Pearn,hpearn54@hud.gov,Male,141.141.193.16
186,Dasha,Hargreves,dhargreves55@mail.ru,Female,152.172.113.34
187,Ruddie,McIlhagga,rmcilhagga56@nyu.edu,Male,32.99.151.181
188,Mikael,Guillford,mguillford57@wikispaces.com,Male,32.111.21.44
189,Dalis,Sparrowe,dsparrowe58@cam.ac.uk,Male,130.77.125.169
190,Ceil,Perin,cperin59@cyberchimps.com,Female,33.247.205.167
191,Veda,Ifill,vifill5a@youtu.be,Female,118.56.206.127
192,Averell,Papa,apapa5b@hc360.com,Male,60.246.59.106
193,Hildegarde,Hammersley,hhammersley5c@irs.gov,Agender,87.136.190.226
194,Tiffie,Peach,tpeach5d@twitter.com,Female,174.95.188.40
195,Broderick,Shout,bshout5e@newsvine.com,Male,187.185.145.89
196,Viola,Tinson,vtinson5f@wp.com,Female,64.30.118.113
197,Bea,Crellim,bcrellim5g@google.fr,Female,243.91.191.79
198,Linell,Kubalek,lkubalek5h@unicef.org,Genderqueer,233.79.176.245
199,Gussi,Vaszoly,gvaszoly5i@163.com,Female,249.167.149.193
200,Flossy,Baudasso,fbaudasso5j@goodreads.com,Female,40.169.3.43
201,Raychel,Tigwell,rtigwell5k@tiny.cc,Agender,106.50.18.82
202,Shanna,Crossby,scrossby5l@forbes.com,Female,159.4.127.61
203,Patin,Guthrum,pguthrum5m@dot.gov,Male,114.97.131.100
204,Porty,Strowan,pstrowan5n@livejournal.com,Male,57.219.53.43
205,Morly,Bould,mbould5o@mozilla.com,Male,254.71.14.178
206,Paula,Berthelmot,pberthelmot5p@boston.com,Female,118.16.172.184
207,Maible,Feld,mfeld5q@usnews.com,Female,142.16.64.35
208,Bernita,Newe,bnewe5r@amazon.com,Female,95.81.149.213
209,Ninnetta,Rouke,nrouke5s@xrea.com,Female,50.113.182.118
210,Riva,Thursfield,rthursfield5t@t.co,Female,254.225.9.103
211,Marleah,Pessold,mpessold5u@delicious.com,Female,213.242.211.150
212,Anna-maria,McLarnon,amclarnon5v@biblegateway.com,Female,57.249.140.95
213,Lowrance,Coaten,lcoaten5w@army.mil,Bigender,196.134.248.201
214,Kinsley,Darnody,kdarnody5x@paypal.com,Male,86.253.168.89
215,Kippar,Bignal,kbignal5y@theglobeandmail.com,Male,246.229.32.114
216,Natka,Saulter,nsaulter5z@goo.gl,Genderfluid,229.125.19.226
217,Rosmunda,Rounds,rrounds60@fotki.com,Female,245.130.151.209
218,Mikey,Fairbank,mfairbank61@ycombinator.com,Polygender,189.113.247.169
219,Webb,Priddis,wpriddis62@kickstarter.com,Male,39.199.145.26
220,Chalmers,O'Duilleain,coduilleain63@sourceforge.net,Male,212.104.183.215
221,Fidel,Rowden,frowden64@adobe.com,Male,70.124.39.66
222,Alexandr,Forestel,aforestel65@gizmodo.com,Male,248.19.39.113
223,Bob,Studeart,bstudeart66@shop-pro.jp,Male,145.43.125.245
224,Meghann,Folland,mfolland67@seattletimes.com,Female,216.16.87.189
225,Chelsie,Brookwood,cbrookwood68@feedburner.com,Female,25.24.69.89
226,Julita,Soulsby,jsoulsby69@t.co,Genderfluid,80.27.186.100
227,Lanae,Giorgini,lgiorgini6a@hexun.com,Agender,145.103.130.55
228,Yancy,Parcells,yparcells6b@imgur.com,Male,125.221.249.116
229,Alonso,Woodlands,awoodlands6c@oaic.gov.au,Male,59.245.245.95
230,Ches,Fraschini,cfraschini6d@utexas.edu,Male,188.39.171.200
231,Hadlee,Waterhouse,hwaterhouse6e@pcworld.com,Male,34.213.152.147
232,Ermentrude,Jaqueminet,ejaqueminet6f@dropbox.com,Female,187.166.64.22
233,Anton,Overthrow,aoverthrow6g@hc360.com,Male,213.77.133.164
234,Bernardina,Hinsche,bhinsche6h@amazonaws.com,Bigender,99.114.221.77
235,Clive,Walework,cwalework6i@skype.com,Male,33.187.20.145
236,Vlad,Kingsley,vkingsley6j@yandex.ru,Male,224.84.6.14
237,Kirstin,Aluard,kaluard6k@archive.org,Polygender,12.133.224.2
238,Chrysa,Shadwick,cshadwick6l@comsenz.com,Female,152.246.130.126
239,Maddie,Pittle,mpittle6m@addtoany.com,Female,25.217.237.164
240,Denys,Ayrton,dayrton6n@intel.com,Male,109.53.179.157
241,Waylen,Kevern,wkevern6o@t.co,Male,11.66.111.155
242,Estrella,Pipkin,epipkin6p@newsvine.com,Female,82.198.197.88
243,Pepi,Greengrass,pgreengrass6q@naver.com,Female,70.210.109.207
244,Roderich,Orknay,rorknay6r@vinaora.com,Male,177.215.162.62
245,Meghann,Beccera,mbeccera6s@about.com,Genderqueer,34.118.57.152
246,Rolland,Cudworth,rcudworth6t@hostgator.com,Male,81.190.141.248
247,Merilee,Mordey,mmordey6u@tinypic.com,Female,59.158.229.83
248,Crista,Gaunson,cgaunson6v@goo.gl,Female,82.0.79.110
249,Arlena,Clinnick,aclinnick6w@exblog.jp,Female,204.31.208.56
250,Eudora,Futty,efutty6x@globo.com,Female,77.186.167.115
251,Osbourn,Greve,ogreve6y@umich.edu,Male,223.103.64.180
252,Kristopher,Skep,kskep6z@nps.gov,Bigender,138.161.80.162
253,Mike,Bracher,mbracher70@google.ca,Male,91.98.20.142
254,Thomasa,Dovermann,tdovermann71@privacy.gov.au,Female,145.202.106.2
255,Trip,Ginnelly,tginnelly72@nature.com,Male,101.234.187.143
256,Niles,Mougeot,nmougeot73@usnews.com,Male,255.210.76.216
257,Birdie,Barizeret,bbarizeret74@myspace.com,Genderfluid,251.115.160.129
258,Marleen,Leworthy,mleworthy75@kickstarter.com,Female,118.25.67.192
259,Maurice,Davydenko,mdavydenko76@taobao.com,Male,124.73.194.92
260,Delano,Hazell,dhazell77@ustream.tv,Male,29.73.153.215
261,Aldrich,Curwood,acurwood78@kickstarter.com,Male,92.33.222.165
262,Myrilla,Kernock,mkernock79@go.com,Female,124.69.211.191
263,Roslyn,Ellsom,rellsom7a@soundcloud.com,Bigender,235.24.32.229
264,Griffy,Carville,gcarville7b@alexa.com,Male,220.3.43.9
265,Joelynn,Wilcott,jwilcott7c@imageshack.us,Female,155.218.37.225
266,Saundra,Firminger,sfirminger7d@discuz.net,Male,202.57.142.83
267,Frasier,Limpertz,flimpertz7e@t.co,Male,37.204.78.54
268,Putnem,Melsome,pmelsome7f@usda.gov,Genderqueer,179.240.193.39
269,Chelsie,Gateman,cgateman7g@gravatar.com,Female,129.224.54.252
270,Dorian,Raithmill,draithmill7h@facebook.com,Female,80.11.107.196
271,Teodoor,Measey,tmeasey7i@wordpress.org,Male,41.176.255.133
272,Marten,Linzee,mlinzee7j@timesonline.co.uk,Male,15.35.210.138
273,Hinze,Radbond,hradbond7k@walmart.com,Male,181.84.115.246
274,Lane,Krzyzanowski,lkrzyzanowski7l@auda.org.au,Male,179.212.111.88
275,Yevette,Sercombe,ysercombe7m@slate.com,Female,233.122.229.164
276,Sybyl,Brewitt,sbrewitt7n@spiegel.de,Female,238.160.105.173
277,Carolyne,Matanin,cmatanin7o@deviantart.com,Female,177.84.160.204
278,Shepard,Barsam,sbarsam7p@linkedin.com,Male,14.151.88.66
279,Lindy,Swainson,lswainson7q@thetimes.co.uk,Female,238.97.155.205
280,Marthena,Brightey,mbrightey7r@bbb.org,Female,67.159.93.120
281,Keefer,Meaney,kmeaney7s@fda.gov,Male,6.177.143.246
282,Murielle,Andreasen,mandreasen7t@merriam-webster.com,Female,94.228.111.41
283,Brigham,Marquot,bmarquot7u@unblog.fr,Male,178.92.122.86
284,Adolpho,Penas,apenas7v@oakley.com,Male,230.110.18.90
285,Fernando,Londors,flondors7w@nbcnews.com,Male,159.113.108.158
286,Marylee,Kinneir,mkinneir7x@issuu.com,Female,238.57.36.216
287,Anabelle,Danett,adanett7y@vinaora.com,Female,8.176.43.234
288,Eloise,Upcott,eupcott7z@oakley.com,Female,153.180.32.177
289,Jayson,Carayol,jcarayol80@vk.com,Male,139.10.204.139
290,Ethelyn,Pittendreigh,epittendreigh81@tinypic.com,Female,224.138.183.234
291,Lock,Anthes,lanthes82@si.edu,Male,203.131.106.189
292,Benoite,Dady,bdady83@mayoclinic.com,Female,115.45.138.246
293,Engelbert,de Clerq,edeclerq84@tripadvisor.com,Male,130.28.89.162
294,Cyrille,Colliber,ccolliber85@sciencedaily.com,Male,223.133.96.166
295,Beltran,Dicty,bdicty86@skyrock.com,Male,159.53.182.133
296,Von,McCloud,vmccloud87@ifeng.com,Male,101.115.132.36
297,Dottie,Splevin,dsplevin88@princeton.edu,Female,171.140.241.64
298,Tobe,Quilter,tquilter89@wikia.com,Female,131.28.73.59
299,Paolina,McDaid,pmcdaid8a@diigo.com,Female,47.124.71.154
300,Gilburt,Durrans,gdurrans8b@com.com,Male,246.145.33.35
301,Kincaid,Gregore,kgregore8c@businessinsider.com,Male,47.222.255.246
302,Philippine,Pernell,ppernell8d@xrea.com,Female,82.194.218.221
303,Marla,Bartolic,mbartolic8e@mapquest.com,Female,113.83.152.96
304,Virgie,Morales,vmorales8f@businessweek.com,Female,146.158.90.187
305,Carley,Abbott,cabbott8g@webmd.com,Female,30.115.134.164
306,Giulia,Addlestone,gaddlestone8h@symantec.com,Female,144.176.172.138
307,Sheba,Meachan,smeachan8i@slashdot.org,Female,213.43.182.247
308,Roselin,Tash,rtash8j@independent.co.uk,Female,130.250.123.195
309,Ezekiel,Trusler,etrusler8k@mapy.cz,Male,44.47.143.56
310,Peggie,Duigan,pduigan8l@smh.com.au,Female,195.89.144.80
311,Carlos,Houten,chouten8m@blogspot.com,Male,42.130.36.245
312,Emlyn,D'Antonio,edantonio8n@goo.ne.jp,Female,156.200.77.160
313,Lani,Batchley,lbatchley8o@addtoany.com,Genderqueer,134.255.154.64
314,Kalina,Stallen,kstallen8p@ocn.ne.jp,Female,147.247.43.105
315,Freddy,Wildish,fwildish8q@discovery.com,Male,227.146.100.130
316,Loella,Eriksson,leriksson8r@elegantthemes.com,Female,61.210.29.202
317,Annmaria,Osbaldstone,aosbaldstone8s@github.com,Female,144.232.166.219
318,Pam,Lightewood,plightewood8t@goodreads.com,Female,95.176.143.170
319,Anne-corinne,Cregan,acregan8u@edublogs.org,Female,157.221.250.170
320,Letisha,Manley,lmanley8v@nydailynews.com,Female,115.111.154.244
321,Freedman,Riddles,friddles8w@howstuffworks.com,Male,181.88.216.53
322,Mattie,Bartelli,mbartelli8x@virginia.edu,Female,22.31.150.24
323,Elinor,Baus,ebaus8y@live.com,Female,193.93.69.201
324,Raleigh,McReedy,rmcreedy8z@angelfire.com,Genderfluid,124.218.138.52
325,Louella,Presley,lpresley90@mysql.com,Female,31.162.126.171
326,Emanuele,Smelley,esmelley91@prlog.org,Male,164.184.187.81
327,Lezlie,Durran,ldurran92@amazonaws.com,Non-binary,5.104.59.202
328,Hieronymus,Kroon,hkroon93@columbia.edu,Male,194.51.18.187
329,Oby,Kienlein,okienlein94@people.com.cn,Male,188.20.41.59
330,Lilla,Huckerby,lhuckerby95@ask.com,Female,117.215.230.38
331,Michaela,Luscott,mluscott96@sphinn.com,Female,231.234.140.186
332,Conchita,Rainon,crainon97@admin.ch,Female,73.170.235.137
333,Alfredo,Sambell,asambell98@myspace.com,Male,51.169.187.234
334,Cindie,Emerson,cemerson99@utexas.edu,Female,191.244.54.179
335,Lazare,Simons,lsimons9a@ow.ly,Male,218.221.72.166
336,Haley,Bingall,hbingall9b@va.gov,Male,196.219.230.169
337,Micheal,O'Brallaghan,mobrallaghan9c@umn.edu,Male,157.21.177.115
338,Welsh,Tembridge,wtembridge9d@goodreads.com,Male,252.229.139.83
339,Jeanette,Crotty,jcrotty9e@usda.gov,Female,9.171.254.142
340,Goddard,Bricksey,gbricksey9f@huffingtonpost.com,Male,217.61.83.199
341,Barty,Blackwell,bblackwell9g@ucsd.edu,Male,98.75.18.192
342,Maribel,Burchill,mburchill9h@blogs.com,Female,137.239.140.210
343,Sheffie,Yansons,syansons9i@virginia.edu,Male,49.155.229.195
344,Bertie,Tollady,btollady9j@chron.com,Male,26.46.164.227
345,Faber,Harbach,fharbach9k@icq.com,Male,238.33.27.148
346,Sheffield,Ashford,sashford9l@netvibes.com,Male,180.250.73.203
347,Cheryl,Dinwoodie,cdinwoodie9m@merriam-webster.com,Female,127.86.241.202
348,Pru,Josefs,pjosefs9n@phoca.cz,Female,165.42.106.76
349,Raynard,Devany,rdevany9o@ftc.gov,Male,130.119.97.155
350,Lee,MacFadyen,lmacfadyen9p@soundcloud.com,Male,54.215.235.254
351,Aurore,Chitty,achitty9q@pbs.org,Female,97.142.55.244
352,Darill,Fernao,dfernao9r@ed.gov,Male,243.87.48.99
353,Layney,Sibthorpe,lsibthorpe9s@theatlantic.com,Female,218.143.119.24
354,Caroline,Churn,cchurn9t@wufoo.com,Female,32.255.11.78
355,Velvet,Cloney,vcloney9u@webs.com,Female,170.88.14.8
356,Ignazio,Feltham,ifeltham9v@instagram.com,Male,78.171.253.119
357,Tobin,Edden,tedden9w@is.gd,Male,204.134.13.173
358,Demeter,McGrorty,dmcgrorty9x@virginia.edu,Female,148.104.112.221
359,Poppy,Pollitt,ppollitt9y@sciencedirect.com,Female,98.23.158.16
360,Ky,Deaville,kdeaville9z@liveinternet.ru,Male,95.115.233.41
361,Catrina,Banister,cbanistera0@constantcontact.com,Female,38.34.123.136
362,Ramonda,Diggens,rdiggensa1@businesswire.com,Female,26.215.222.56
363,Arda,Mirralls,amirrallsa2@exblog.jp,Female,67.19.45.1
364,Dodi,Ludron,dludrona3@twitpic.com,Female,55.220.182.248
365,Lacee,Labadini,llabadinia4@qq.com,Female,228.34.228.78
366,Zacherie,Sapir,zsapira5@mediafire.com,Male,207.238.146.157
367,Tripp,Olander,tolandera6@dailymail.co.uk,Male,23.186.239.105
368,Terza,Burroughes,tburroughesa7@china.com.cn,Female,1.165.125.251
369,Vasili,McSporrin,vmcsporrina8@wp.com,Polygender,20.69.109.39
370,Laurie,Szymonwicz,lszymonwicza9@acquirethisname.com,Male,164.57.195.158
371,Rogerio,Caltera,rcalteraaa@wordpress.org,Male,166.169.112.92
372,Cherry,Triggle,ctriggleab@dell.com,Female,103.48.28.149
373,Terrance,Mutton,tmuttonac@goo.gl,Male,65.89.168.128
374,Barn,Divell,bdivellad@newsvine.com,Male,47.103.173.145
375,Pierce,Czadla,pczadlaae@wired.com,Male,63.141.234.50
376,Clayton,Doughartie,cdoughartieaf@dailymail.co.uk,Non-binary,193.202.112.247
377,Barny,Crickett,bcrickettag@tinypic.com,Male,33.172.129.43
378,Issi,Weildish,iweildishah@oakley.com,Female,203.1.207.113
379,Harbert,Adkins,hadkinsai@ucla.edu,Male,236.199.230.43
380,Peterus,Ovens,povensaj@ted.com,Male,25.241.238.221
381,Kristofer,Carlsen,kcarlsenak@amazon.co.uk,Male,71.144.97.4
382,Doretta,Ryle,dryleal@t-online.de,Agender,230.224.174.48
383,Ambrose,Medmore,amedmoream@pbs.org,Male,101.77.15.90
384,Say,Applewhite,sapplewhitean@skype.com,Male,71.244.96.100
385,Susanna,Foulsham,sfoulshamao@scribd.com,Female,227.10.35.179
386,Hertha,Weinmann,hweinmannap@spotify.com,Female,216.244.135.154
387,Merry,Yegoshin,myegoshinaq@ow.ly,Male,133.59.134.221
388,Thadeus,Franzoli,tfranzoliar@virginia.edu,Male,229.251.117.84
389,Bernelle,Nolleau,bnolleauas@techcrunch.com,Female,225.188.40.128
390,Beck,Trenholme,btrenholmeat@yelp.com,Male,217.127.90.86
391,Haily,Bannester,hbannesterau@nyu.edu,Male,90.3.247.210
392,Delphinia,Palfreeman,dpalfreemanav@yale.edu,Female,98.232.225.86
393,Rebekah,Chippindall,rchippindallaw@oakley.com,Female,109.71.67.150
394,Morie,von Grollmann,mvongrollmannax@drupal.org,Male,145.119.182.247
395,Daloris,Tremethack,dtremethackay@independent.co.uk,Female,215.244.59.56
396,Lamond,Schoffler,lschoffleraz@discuz.net,Male,153.134.84.1
397,Andras,Jurewicz,ajurewiczb0@netvibes.com,Polygender,177.132.123.152
398,Constantine,Aaron,caaronb1@nymag.com,Male,1.62.116.155
399,Rachael,Dryburgh,rdryburghb2@nature.com,Female,64.34.30.241
400,Juan,Rowles,jrowlesb3@tmall.com,Male,202.14.189.121
401,Minny,Gwyn,mgwynb4@godaddy.com,Female,197.121.89.255
402,Chevy,Dysart,cdysartb5@washington.edu,Male,22.218.215.180
403,Finley,Puddle,fpuddleb6@google.es,Male,31.165.194.177
404,Chery,Stonebanks,cstonebanksb7@indiegogo.com,Female,239.130.131.77
405,Sherwood,Trainer,strainerb8@topsy.com,Male,232.126.48.172
406,Tanhya,Derrick,tderrickb9@slideshare.net,Female,250.221.1.119
407,Kellina,Nudde,knuddeba@sohu.com,Female,183.84.15.10
408,Elsinore,Veivers,eveiversbb@pinterest.com,Female,226.51.164.139
409,Mohammed,Hargess,mhargessbc@seesaa.net,Genderfluid,201.5.53.199
410,Kat,Sherbourne,ksherbournebd@ucsd.edu,Female,148.194.4.95
411,Free,Pledger,fpledgerbe@webeden.co.uk,Male,14.253.77.122
412,Elwyn,Petow,epetowbf@xinhuanet.com,Male,64.209.31.208
413,Benn,Muspratt,bmusprattbg@spotify.com,Male,185.180.27.188
414,Lorri,Breitling,lbreitlingbh@ucoz.com,Female,177.65.14.129
415,Angelika,Sworne,aswornebi@altervista.org,Non-binary,245.24.1.236
416,Clyve,Kalinke,ckalinkebj@uol.com.br,Male,228.162.61.37
417,Tucky,Harriott,tharriottbk@cocolog-nifty.com,Male,151.190.50.115
418,Omar,Dewen,odewenbl@spotify.com,Male,196.193.229.43
419,Lucille,Swinnard,lswinnardbm@virginia.edu,Female,89.205.17.68
420,Kalinda,Somerscales,ksomerscalesbn@dropbox.com,Female,175.94.57.190
421,Alvan,Domanek,adomanekbo@uiuc.edu,Male,12.159.246.56
422,Lanita,Isacoff,lisacoffbp@ning.com,Female,68.43.103.166
423,Malvin,Walters,mwaltersbq@latimes.com,Male,230.233.217.183
424,Afton,Meardon,ameardonbr@ustream.tv,Female,31.53.200.148
425,Giordano,Mackieson,gmackiesonbs@cbc.ca,Male,255.178.249.230
426,Audrye,Likly,aliklybt@mapquest.com,Female,180.129.32.117
427,Rusty,Gallant,rgallantbu@shinystat.com,Male,169.70.233.1
428,Tasha,Poolton,tpooltonbv@walmart.com,Female,27.106.117.182
429,Torrey,Stellino,tstellinobw@tiny.cc,Genderqueer,203.38.70.166
430,Ariel,O'Regan,aoreganbx@ucoz.com,Male,70.168.79.94
431,Vonny,Wilstead,vwilsteadby@prnewswire.com,Female,88.12.92.234
432,Whitney,Enrique,wenriquebz@nhs.uk,Male,231.116.11.212
433,Isadore,Cargill,icargillc0@intel.com,Genderqueer,104.129.184.252
434,Cathy,Revey,creveyc1@nydailynews.com,Female,96.11.183.211
435,Jelene,Randles,jrandlesc2@is.gd,Female,179.97.206.70
436,Sally,Cammell,scammellc3@weather.com,Female,194.74.130.231
437,Odey,Spata,ospatac4@europa.eu,Male,85.171.43.164
438,Stevie,Gee,sgeec5@msu.edu,Male,33.52.206.209
439,Simon,Christofides,schristofidesc6@a8.net,Male,155.39.107.110
440,Laurent,Olek,lolekc7@homestead.com,Male,154.166.132.40
441,Chester,Divver,cdivverc8@ox.ac.uk,Male,115.167.181.39
442,Haze,McCandless,hmccandlessc9@si.edu,Male,147.146.118.48
443,Whitman,Gibbe,wgibbeca@flavors.me,Male,222.2.222.223
444,Pauly,Weston,pwestoncb@sitemeter.com,Male,218.221.90.181
445,Sheela,Burel,sburelcc@geocities.jp,Female,93.38.226.203
446,Gillan,Liccardi,gliccardicd@tinypic.com,Female,221.136.101.55
447,Hedy,Neljes,hneljesce@sciencedaily.com,Genderfluid,163.65.140.193
448,Don,Tuvey,dtuveycf@elpais.com,Male,142.204.216.1
449,Amabel,Boness,abonesscg@scientificamerican.com,Female,74.81.250.37
450,Vicky,McIndoe,vmcindoech@google.com.br,Female,88.246.140.144
451,Vivia,Rabbitt,vrabbittci@4shared.com,Female,30.231.254.24
452,Karlan,Lilliman,klillimancj@bloglovin.com,Male,212.4.230.154
453,Selestina,Quodling,squodlingck@epa.gov,Female,95.240.157.70
454,Masha,Bellinger,mbellingercl@ovh.net,Female,140.2.79.64
455,Godfrey,Ruddiman,gruddimancm@diigo.com,Genderqueer,49.219.97.175
456,Papagena,Law,plawcn@sciencedaily.com,Female,85.151.147.238
457,Joey,Hynam,jhynamco@reference.com,Male,165.118.79.250
458,Kellby,Betho,kbethocp@ocn.ne.jp,Male,170.66.168.172
459,Muffin,Buist,mbuistcq@hud.gov,Male,241.20.48.115
460,Ainslee,Peto,apetocr@google.pl,Female,137.226.76.234
461,Clemmie,Fuidge,cfuidgecs@time.com,Female,76.5.78.128
462,Mike,Sarre,msarrect@amazonaws.com,Male,36.40.192.81
463,Miran,Raunds,mraundscu@pagesperso-orange.fr,Female,138.128.166.63
464,Daphene,Dosedale,ddosedalecv@hc360.com,Female,101.209.13.161
465,Nichole,Robe,nrobecw@hostgator.com,Male,228.37.67.36
466,Jeniffer,Rostern,jrosterncx@photobucket.com,Female,129.62.193.12
467,Nealson,Chetwind,nchetwindcy@chronoengine.com,Male,163.11.45.2
468,Hertha,Bingle,hbinglecz@constantcontact.com,Genderqueer,216.10.224.112
469,Shannan,Mora,smorad0@theatlantic.com,Non-binary,91.224.199.46
470,Angelia,Latek,alatekd1@yelp.com,Female,109.165.89.132
471,Spence,Gritten,sgrittend2@google.ru,Male,145.72.213.107
472,Matias,Coundley,mcoundleyd3@harvard.edu,Male,150.200.122.254
473,Gorden,Ende,gended4@house.gov,Male,212.241.135.20
474,Nollie,Morcomb,nmorcombd5@usgs.gov,Female,100.196.103.214
475,Carolyne,Pamphilon,cpamphilond6@nydailynews.com,Female,40.77.210.80
476,Aretha,Tosdevin,atosdevind7@tripadvisor.com,Female,174.187.75.71
477,Lennard,Ewers,lewersd8@mit.edu,Male,229.221.232.91
478,Thadeus,Basso,tbassod9@scribd.com,Male,251.156.186.11
479,Flss,Beatens,fbeatensda@paginegialle.it,Female,204.173.220.247
480,Angelique,Mcettrick,amcettrickdb@mayoclinic.com,Female,253.170.142.53
481,Beatriz,O' Cloney,bocloneydc@wufoo.com,Female,131.72.166.233
482,Wylma,Shuter,wshuterdd@wisc.edu,Female,205.96.171.167
483,Tiphani,Pauling,tpaulingde@ehow.com,Female,62.70.24.59
484,Barton,Hundy,bhundydf@nymag.com,Male,12.197.3.26
485,Upton,Presnall,upresnalldg@phpbb.com,Male,15.74.15.216
486,Teodora,Hoyer,thoyerdh@multiply.com,Female,9.5.109.69
487,Martina,Braitling,mbraitlingdi@umn.edu,Female,193.72.169.96
488,Davie,Reims,dreimsdj@tripadvisor.com,Male,143.81.214.184
489,Benn,Endle,bendledk@unc.edu,Male,220.189.214.70
490,Imelda,Eates,ieatesdl@columbia.edu,Female,136.21.168.6
491,Raymond,Hendriksen,rhendriksendm@mapy.cz,Male,39.103.124.113
492,Odetta,Stroder,ostroderdn@360.cn,Female,13.141.59.8
493,Dilan,Towns,dtownsdo@odnoklassniki.ru,Male,28.173.60.153
494,Amelie,Greenman,agreenmandp@cnet.com,Female,189.125.231.20
495,Gussi,Bolduc,gbolducdq@scientificamerican.com,Female,219.34.166.146
496,Hana,Postill,hpostilldr@qq.com,Female,236.173.58.9
497,Bern,Conyer,bconyerds@netscape.com,Male,240.31.23.68
498,Gil,Roper,groperdt@spiegel.de,Male,241.52.105.220
499,Maryellen,Glaves,mglavesdu@google.com.au,Female,250.122.131.223
500,Itch,Whistan,iwhistandv@theguardian.com,Male,124.106.135.11
501,Bess,Alcide,balcidedw@msn.com,Agender,57.61.149.100
502,Grete,Weavers,gweaversdx@reference.com,Female,234.224.204.100
503,Sheela,Michelotti,smichelottidy@soup.io,Female,160.140.168.2
504,Ingaberg,Shillan,ishillandz@cocolog-nifty.com,Agender,205.81.188.100
505,Charisse,Gaize,cgaizee0@apple.com,Bigender,41.219.103.228
506,Janessa,Beharrell,jbeharrelle1@sourceforge.net,Female,210.15.152.3
507,Wini,Lawland,wlawlande2@gnu.org,Female,39.115.68.5
508,Jarrod,Breitler,jbreitlere3@chron.com,Male,215.42.91.50
509,Darci,Mogra,dmograe4@edublogs.org,Female,85.148.198.2
510,Marysa,Silverston,msilverstone5@washington.edu,Female,58.168.4.33
511,Natty,Drane,ndranee6@posterous.com,Bigender,138.241.38.185
512,Rodrigo,MacBey,rmacbeye7@dell.com,Male,221.43.155.55
513,Jenn,Macken,jmackene8@nasa.gov,Female,59.192.147.141
514,Odo,Carberry,ocarberrye9@princeton.edu,Male,136.13.151.144
515,Emily,Byars,ebyarsea@free.fr,Female,79.152.96.158
516,Brig,Pickthorne,bpickthorneeb@google.de,Genderqueer,165.170.164.35
517,Stacy,Tinghill,stinghillec@bigcartel.com,Male,66.211.246.38
518,Klarika,Westrey,kwestreyed@bbc.co.uk,Genderqueer,212.55.53.196
519,Georgiana,Setterthwait,gsetterthwaitee@home.pl,Female,36.181.143.94
520,Flem,Lilly,flillyef@comsenz.com,Male,77.8.8.115
521,Peggy,Dumbrall,pdumbralleg@booking.com,Female,149.162.105.26
522,Britta,Davis,bdaviseh@sun.com,Female,71.83.175.232
523,Horst,Trafford,htraffordei@wp.com,Male,125.223.27.148
524,Jaime,Dobbyn,jdobbynej@sphinn.com,Male,130.84.171.85
525,Marwin,Beringer,mberingerek@godaddy.com,Male,130.110.46.170
526,Jonathon,Kristufek,jkristufekel@squarespace.com,Male,126.40.18.1
527,Alexis,Fosdick,afosdickem@dedecms.com,Male,8.206.186.92
528,Babb,Conrath,bconrathen@noaa.gov,Female,62.71.199.125
529,Hattie,Matkin,hmatkineo@un.org,Female,115.184.144.161
530,Grady,Shovell,gshovellep@admin.ch,Male,150.197.245.203
531,Raoul,Samett,rsametteq@bizjournals.com,Male,49.141.195.186
532,Tabbi,Eastam,teastamer@hubpages.com,Female,222.98.63.43
533,Durant,Timny,dtimnyes@cafepress.com,Male,251.133.216.184
534,Marve,Sparke,msparkeet@example.com,Male,184.147.219.130
535,Wendeline,Leteurtre,wleteurtreeu@vinaora.com,Polygender,212.124.194.6
536,Clay,Cheeseman,ccheesemanev@vimeo.com,Agender,158.27.216.55
537,Neille,Floweth,nflowethew@blogger.com,Female,56.134.201.117
538,Meade,Keam,mkeamex@flickr.com,Male,87.165.16.158
539,Amara,Karpfen,akarpfeney@china.com.cn,Female,136.42.117.238
540,Dacy,Gogay,dgogayez@si.edu,Female,217.160.155.185
541,Tracy,Boissier,tboissierf0@cafepress.com,Agender,232.182.3.134
542,Zandra,Ather,zatherf1@4shared.com,Female,167.14.227.242
543,Maegan,Kondratenya,mkondratenyaf2@php.net,Female,217.34.177.40
544,Ashby,Meynell,ameynellf3@webnode.com,Male,56.169.167.155
545,Rickey,Woolnough,rwoolnoughf4@eepurl.com,Male,29.108.177.120
546,Emlen,Fittall,efittallf5@home.pl,Male,57.75.138.68
547,Greer,Gregs,ggregsf6@friendfeed.com,Female,222.177.101.36
548,Kelsey,Foulgham,kfoulghamf7@ucoz.ru,Male,184.120.158.42
549,Xerxes,Siddens,xsiddensf8@instagram.com,Male,30.149.166.242
550,Goddart,Staves,gstavesf9@vimeo.com,Male,166.82.40.28
551,Amitie,Cocke,acockefa@hud.gov,Female,136.177.213.204
552,Nananne,Capey,ncapeyfb@ebay.co.uk,Female,199.85.194.12
553,Ali,di Rocca,adiroccafc@dedecms.com,Female,158.101.14.127
554,Iormina,MacGinney,imacginneyfd@myspace.com,Female,137.210.215.97
555,Candace,Sawforde,csawfordefe@google.ru,Female,223.32.52.53
556,Mariya,Battany,mbattanyff@jalbum.net,Female,32.153.29.107
557,Leanor,Turpie,lturpiefg@cornell.edu,Female,228.241.251.22
558,Gabi,Piborn,gpibornfh@nymag.com,Genderfluid,169.17.26.177
559,Ulrica,Willishire,uwillishirefi@usa.gov,Agender,115.136.221.47
560,Carol-jean,Grinstead,cgrinsteadfj@google.cn,Female,245.29.6.172
561,Lilias,Kinvig,lkinvigfk@hostgator.com,Female,8.168.51.230
562,Cherida,Bauduin,cbauduinfl@csmonitor.com,Female,82.208.22.186
563,Jillie,Mongeot,jmongeotfm@google.es,Female,19.149.28.80
564,Urban,Rizzello,urizzellofn@abc.net.au,Male,102.242.75.59
565,Whit,Hincham,whinchamfo@china.com.cn,Male,97.86.193.19
566,Putnem,Ingamells,pingamellsfp@ed.gov,Male,105.110.106.45
567,Kent,Dechelette,kdechelettefq@illinois.edu,Agender,79.143.104.188
568,Timotheus,Lambirth,tlambirthfr@people.com.cn,Male,194.234.125.242
569,Felice,Rapley,frapleyfs@businessweek.com,Agender,51.58.111.117
570,Byrom,Malyan,bmalyanft@livejournal.com,Male,42.128.108.111
571,Charlton,Mattiassi,cmattiassifu@ca.gov,Male,197.45.63.104
572,Barry,MacPherson,bmacphersonfv@yelp.com,Male,177.12.217.120
573,Layla,Ruprecht,lruprechtfw@sogou.com,Agender,100.5.221.246
574,Wendeline,Biesterfeld,wbiesterfeldfx@yellowbook.com,Female,200.121.110.24
575,Elden,Shawcross,eshawcrossfy@dot.gov,Male,53.155.17.57
576,Rose,Lettley,rlettleyfz@ft.com,Female,40.85.34.170
577,Eugenie,Schimpke,eschimpkeg0@fda.gov,Female,35.36.178.99
578,Benita,Nani,bnanig1@phpbb.com,Female,30.217.239.113
579,Beverly,Tuttle,btuttleg2@usatoday.com,Female,10.162.227.115
580,Edik,Teacy,eteacyg3@weather.com,Male,119.79.199.113
581,Levy,Blakemore,lblakemoreg4@123-reg.co.uk,Male,121.217.40.152
582,Gerick,Dodsley,gdodsleyg5@nba.com,Male,90.214.86.224
583,Nickola,Burkman,nburkmang6@army.mil,Male,195.36.170.52
584,Jemmie,Yaldren,jyaldreng7@mtv.com,Female,206.177.204.112
585,Saul,Rapier,srapierg8@github.com,Male,226.233.108.95
586,Giustina,Labin,glabing9@cdbaby.com,Female,157.41.156.227
587,Drusie,MacAlpine,dmacalpinega@webnode.com,Female,180.40.69.53
588,Garner,Longmore,glongmoregb@51.la,Male,231.203.49.130
589,Sheridan,Kapelhof,skapelhofgc@wikia.com,Male,55.255.177.116
590,Mab,Mansford,mmansfordgd@opensource.org,Female,43.59.116.87
591,Francklyn,Sitlington,fsitlingtonge@tinypic.com,Male,203.147.150.5
592,Avram,Wardley,awardleygf@angelfire.com,Male,61.20.110.217
593,Karmen,Dumbrell,kdumbrellgg@mayoclinic.com,Female,202.2.210.151
594,Weider,Osmon,wosmongh@twitpic.com,Male,199.209.64.30
595,Vite,Chattaway,vchattawaygi@stumbleupon.com,Male,161.203.29.12
596,Dagny,Brumfitt,dbrumfittgj@about.me,Male,6.201.189.143
597,Chelsea,Searchwell,csearchwellgk@huffingtonpost.com,Female,211.178.254.119
598,Felike,Grim,fgrimgl@engadget.com,Male,73.76.203.180
599,Nealson,Branson,nbransongm@netscape.com,Male,104.31.91.238
600,Sandro,Skehens,sskehensgn@cloudflare.com,Male,227.62.226.140
601,Milty,Vinsen,mvinsengo@issuu.com,Male,201.45.10.148
602,Chelsy,Cyphus,ccyphusgp@creativecommons.org,Female,62.43.98.9
603,Raynor,Agates,ragatesgq@symantec.com,Male,134.57.106.243
604,Traci,Collings,tcollingsgr@weibo.com,Agender,15.225.50.108
605,Forbes,Felce,ffelcegs@deliciousdays.com,Male,85.15.174.39
606,Randolf,Bortolozzi,rbortolozzigt@weather.com,Male,46.172.36.1
607,Conchita,Kobierzycki,ckobierzyckigu@netvibes.com,Female,150.168.72.109
608,Obediah,Boobier,oboobiergv@google.pl,Male,53.219.19.175
609,Gill,Camamill,gcamamillgw@ebay.com,Non-binary,196.249.135.18
610,Charil,Rupprecht,crupprechtgx@pcworld.com,Bigender,101.168.146.202
611,Bernardo,Yockney,byockneygy@dell.com,Male,209.115.97.82
612,Micah,Baber,mbabergz@ucoz.com,Male,241.43.187.255
613,Lea,Miller,lmillerh0@usda.gov,Female,166.38.54.243
614,Gideon,Doman,gdomanh1@princeton.edu,Male,70.163.5.204
615,Chandra,Southwick,csouthwickh2@cyberchimps.com,Female,135.165.248.11
616,Worthington,Handsheart,whandshearth3@imdb.com,Male,121.223.203.52
617,Jennette,Server,jserverh4@cocolog-nifty.com,Female,194.112.113.31
618,Laurens,Witherbed,lwitherbedh5@gmpg.org,Male,239.218.251.78
619,Bert,Hugnot,bhugnoth6@google.com.hk,Male,249.77.21.19
620,Laural,Godilington,lgodilingtonh7@phpbb.com,Female,115.7.167.91
621,Bailey,Polycote,bpolycoteh8@fastcompany.com,Male,92.193.116.60
622,Kaia,Carn,kcarnh9@cpanel.net,Female,114.6.70.132
623,Dannye,Maryott,dmaryottha@elpais.com,Female,133.176.175.27
624,Archie,Apperley,aapperleyhb@illinois.edu,Male,93.75.84.133
625,Marjie,Calbrathe,mcalbrathehc@alexa.com,Female,106.135.43.204
626,Regan,Walklot,rwalklothd@ox.ac.uk,Female,98.175.9.51
627,Barbaraanne,Conechie,bconechiehe@seattletimes.com,Female,174.74.151.199
628,Jocelyne,Tonbye,jtonbyehf@latimes.com,Female,44.215.186.175
629,Mela,Handrock,mhandrockhg@blog.com,Female,248.28.54.230
630,Dori,Pfaffel,dpfaffelhh@washingtonpost.com,Female,224.158.93.211
631,Jayson,Swift,jswifthi@si.edu,Male,181.13.219.123
632,Andy,Walden,awaldenhj@japanpost.jp,Male,136.105.229.89
633,Michell,Langsbury,mlangsburyhk@i2i.jp,Female,126.70.51.243
634,Corrine,Duding,cdudinghl@wired.com,Female,72.149.46.123
635,Diego,Pettipher,dpettipherhm@wisc.edu,Male,237.85.56.100
636,Zerk,D'Adamo,zdadamohn@wikia.com,Male,187.179.70.50
637,Cob,Willishire,cwillishireho@gmpg.org,Male,132.173.159.162
638,Arlin,Sartin,asartinhp@tinyurl.com,Male,127.74.136.250
639,Seana,Damrel,sdamrelhq@telegraph.co.uk,Female,181.69.96.105
640,Chloette,Al Hirsi,calhirsihr@blogs.com,Female,197.74.67.162
641,Madison,Extill,mextillhs@issuu.com,Male,65.205.162.91
642,Nata,Wiskar,nwiskarht@mozilla.com,Female,214.112.40.22
643,Odelia,Kelshaw,okelshawhu@ask.com,Female,232.208.3.203
644,Tiffanie,Pott,tpotthv@apple.com,Female,249.103.140.239
645,Lynnet,Demcik,ldemcikhw@amazon.co.jp,Female,237.198.45.80
646,Ginger,Treacy,gtreacyhx@google.de,Male,28.195.192.208
647,Orrin,Rustman,orustmanhy@hao123.com,Male,12.21.184.113
648,Tyne,Leijs,tleijshz@army.mil,Bigender,97.87.45.73
649,Dorotea,Latchmore,dlatchmorei0@nifty.com,Female,82.122.156.60
650,Veriee,Boydon,vboydoni1@twitter.com,Female,48.160.114.252
651,Carmine,MacIlriach,cmacilriachi2@accuweather.com,Female,33.43.79.146
652,Tad,Minocchi,tminocchii3@epa.gov,Male,28.9.71.51
653,Cassondra,Oatley,coatleyi4@shareasale.com,Female,190.91.54.82
654,Gillan,McKeon,gmckeoni5@goo.ne.jp,Genderqueer,135.75.197.120
655,Yuri,Breyt,ybreyti6@angelfire.com,Male,214.138.134.4
656,Breanne,Kauffman,bkauffmani7@1und1.de,Female,30.8.212.48
657,Hartwell,Dorton,hdortoni8@smugmug.com,Male,241.29.241.206
658,Lark,Sollime,lsollimei9@epa.gov,Female,166.66.243.206
659,Ax,Cragell,acragellia@ihg.com,Male,107.26.193.190
660,Mario,Manchester,mmanchesterib@comsenz.com,Male,198.251.83.0
661,Ulrike,Wharton,uwhartonic@nbcnews.com,Female,18.137.230.163
662,Alexis,Khomin,akhominid@senate.gov,Male,163.3.252.98
663,Giffer,Millhill,gmillhillie@msu.edu,Male,155.144.137.214
664,Rickert,Brager,rbragerif@go.com,Male,221.133.75.163
665,Lissa,Ezzle,lezzleig@stanford.edu,Female,128.20.252.92
666,Lorry,McAvaddy,lmcavaddyih@ted.com,Female,193.207.67.77
667,Jake,Roxby,jroxbyii@answers.com,Male,72.46.237.166
668,Francisca,Hagwood,fhagwoodij@drupal.org,Female,16.81.6.255
669,Valentine,Van den Velden,vvandenveldenik@shop-pro.jp,Male,227.174.111.146
670,Elnar,Mouncey,emounceyil@paypal.com,Male,51.71.31.60
671,Clair,Corbie,ccorbieim@miibeian.gov.cn,Male,123.86.27.19
672,Moll,Reburn,mreburnin@lycos.com,Female,175.134.163.151
673,Timmy,Free,tfreeio@wp.com,Female,129.152.23.77
674,Lincoln,Grix,lgrixip@dot.gov,Male,139.43.97.35
675,D'arcy,Sammons,dsammonsiq@woothemes.com,Male,53.18.33.157
676,Vivyan,Slimmon,vslimmonir@about.me,Female,114.151.90.23
677,Silvie,Roddick,sroddickis@upenn.edu,Polygender,136.167.118.186
678,Damiano,Longhorn,dlonghornit@loc.gov,Male,221.176.103.154
679,Merralee,Paxforde,mpaxfordeiu@disqus.com,Female,49.44.108.181
680,Ilyse,Tripett,itripettiv@zimbio.com,Female,245.132.50.197
681,Deane,Cahillane,dcahillaneiw@simplemachines.org,Male,65.143.23.132
682,Giff,Durden,gdurdenix@phpbb.com,Male,233.69.112.145
683,Vyky,Penwarden,vpenwardeniy@state.gov,Female,20.57.72.123
684,Myrtie,Valentinuzzi,mvalentinuzziiz@amazonaws.com,Female,172.101.65.4
685,Frederich,Moreland,fmorelandj0@discuz.net,Male,190.123.230.36
686,Daisy,Duinkerk,dduinkerkj1@weather.com,Female,245.209.38.94
687,Sarina,Gerrad,sgerradj2@comcast.net,Female,38.83.4.141
688,Blayne,Axford,baxfordj3@nasa.gov,Polygender,16.250.160.18
689,Derk,Pimley,dpimleyj4@virginia.edu,Male,5.52.216.109
690,Kellen,Tuke,ktukej5@twitter.com,Male,157.196.197.123
691,Kingston,Flintoffe,kflintoffej6@usda.gov,Bigender,41.178.18.154
692,Amalee,Salman,asalmanj7@constantcontact.com,Female,105.26.237.117
693,Gunter,Wedon,gwedonj8@nifty.com,Male,75.100.53.130
694,Guillema,Thurgood,gthurgoodj9@istockphoto.com,Female,125.160.146.87
695,Daniel,Livock,dlivockja@chron.com,Male,29.119.21.125
696,Lucien,Gianasi,lgianasijb@w3.org,Male,153.69.60.180
697,Modesta,Beatty,mbeattyjc@amazonaws.com,Female,161.52.131.23
698,Padgett,Eger,pegerjd@slashdot.org,Male,100.197.83.193
699,Alexio,Brimner,abrimnerje@cisco.com,Male,30.196.27.242
700,Freedman,Sayles,fsaylesjf@indiatimes.com,Male,146.39.25.106
701,Sebastien,Keirle,skeirlejg@instagram.com,Male,101.66.162.118
702,Belva,Trumper,btrumperjh@flavors.me,Female,237.82.61.146
703,Nichole,Mapes,nmapesji@jugem.jp,Female,253.3.124.21
704,Deirdre,Common,dcommonjj@guardian.co.uk,Female,80.150.38.34
705,Netty,Kirvell,nkirvelljk@buzzfeed.com,Female,138.104.248.151
706,Ange,Vasechkin,avasechkinjl@kickstarter.com,Male,33.212.162.215
707,Wildon,Dightham,wdighthamjm@desdev.cn,Male,209.41.75.49
708,Debera,Redding,dreddingjn@discovery.com,Female,119.149.96.211
709,Allison,Mertgen,amertgenjo@comcast.net,Female,72.12.234.82
710,Murdoch,Errett,merrettjp@nifty.com,Male,67.114.240.106
711,Carine,Almey,calmeyjq@twitpic.com,Female,73.242.24.123
712,Jayme,Stallibrass,jstallibrassjr@accuweather.com,Female,245.169.228.178
713,Marillin,Dury,mduryjs@bandcamp.com,Non-binary,54.149.48.145
714,Lucine,Mordey,lmordeyjt@nifty.com,Female,169.23.34.63
715,Hildagard,Wickmann,hwickmannju@example.com,Female,89.135.165.216
716,Emmey,Sinnat,esinnatjv@bing.com,Female,45.150.177.245
717,Gordon,Pouck,gpouckjw@yellowbook.com,Male,19.83.120.209
718,Erroll,Hampshire,ehampshirejx@webnode.com,Male,52.114.53.66
719,Stanwood,Klimontovich,sklimontovichjy@themeforest.net,Male,79.77.142.202
720,Zorah,Fazackerley,zfazackerleyjz@google.co.jp,Female,14.94.178.21
721,Natale,Beevors,nbeevorsk0@apache.org,Male,118.110.52.110
722,Connor,Tasseler,ctasselerk1@pbs.org,Male,25.64.239.5
723,Gare,Mussard,gmussardk2@sciencedirect.com,Male,178.193.130.78
724,Veronike,Copozio,vcopoziok3@tumblr.com,Female,153.2.103.190
725,Nadeen,Snawden,nsnawdenk4@i2i.jp,Female,49.122.49.231
726,Mendie,Sirl,msirlk5@themeforest.net,Male,37.221.107.66
727,Maire,Asling,maslingk6@wikimedia.org,Female,229.16.133.160
728,Demetri,Linder,dlinderk7@google.de,Non-binary,187.183.176.10
729,Dee dee,Strewthers,dstrewthersk8@goodreads.com,Female,200.223.116.192
730,Iolande,Barthrup,ibarthrupk9@instagram.com,Female,77.92.245.186
731,Curtis,Briereton,cbrieretonka@netlog.com,Male,28.88.50.179
732,Ealasaid,Buntain,ebuntainkb@virginia.edu,Agender,187.31.136.184
733,Debee,Latham,dlathamkc@ameblo.jp,Female,66.225.231.245
734,Osmund,Sarvar,osarvarkd@comcast.net,Male,119.59.55.220
735,Roseanne,Haggarty,rhaggartyke@ifeng.com,Female,222.202.84.193
736,Kimble,Luney,kluneykf@ustream.tv,Male,110.64.93.53
737,Lidia,Riehm,lriehmkg@blinklist.com,Female,105.228.91.8
738,Louie,O'Collopy,locollopykh@amazon.co.uk,Male,18.186.81.62
739,Marian,Verrall,mverrallki@hexun.com,Female,213.53.221.240
740,Bastien,Rosiello,brosiellokj@guardian.co.uk,Male,154.238.110.222
741,Grannie,Melling,gmellingkk@latimes.com,Agender,78.144.151.184
742,Brear,Fraser,bfraserkl@is.gd,Female,131.109.4.97
743,Gideon,Petkens,gpetkenskm@phpbb.com,Male,137.120.241.171
744,Lita,Reichardt,lreichardtkn@ycombinator.com,Polygender,21.117.82.28
745,Concettina,Cordeau],ccordeauko@last.fm,Genderfluid,107.215.230.113
746,Obidiah,Tangye,otangyekp@over-blog.com,Male,22.129.161.245
747,Orbadiah,Barneveld,obarneveldkq@seesaa.net,Male,144.104.200.36
748,Larry,Berrie,lberriekr@1688.com,Male,112.154.13.207
749,Lucina,Holehouse,lholehouseks@surveymonkey.com,Female,70.69.214.179
750,Chloette,Morrilly,cmorrillykt@earthlink.net,Female,230.38.125.74
751,Allyson,Oxbie,aoxbieku@privacy.gov.au,Female,31.243.153.49
752,Muhammad,McGennis,mmcgenniskv@youtu.be,Male,16.107.56.69
753,Guillaume,Marunchak,gmarunchakkw@oracle.com,Male,140.116.178.100
754,Sheila-kathryn,Veneur,sveneurkx@boston.com,Female,199.106.76.253
755,Amory,Fuggle,afuggleky@va.gov,Male,139.88.18.32
756,Harv,Grinin,hgrininkz@tmall.com,Bigender,233.185.200.31
757,Crosby,Dougan,cdouganl0@sciencedirect.com,Male,175.166.201.237
758,Ainslie,Haslegrave,ahaslegravel1@digg.com,Female,53.117.161.197
759,Modesta,Joder,mjoderl2@behance.net,Female,36.253.44.24
760,Mitchel,Roblin,mroblinl3@yellowpages.com,Male,210.236.196.240
761,Renie,Rumbold,rrumboldl4@topsy.com,Female,61.220.207.194
762,Kori,Andrysiak,kandrysiakl5@tmall.com,Female,121.67.155.242
763,Fern,Gouck,fgouckl6@yellowpages.com,Female,238.203.232.11
764,Bibby,Schnitter,bschnitterl7@hexun.com,Female,220.47.225.201
765,Ike,Fehner,ifehnerl8@globo.com,Genderfluid,199.34.202.38
766,Ed,Lerway,elerwayl9@upenn.edu,Male,157.139.241.229
767,Dwain,Bend,dbendla@pen.io,Male,130.219.212.236
768,Harmon,Hancorn,hhancornlb@yolasite.com,Male,167.128.43.102
769,Merrily,Huitson,mhuitsonlc@wordpress.com,Polygender,162.131.145.118
770,Pietrek,Filmer,pfilmerld@a8.net,Male,122.24.2.241
771,Kirstyn,Chantree,kchantreele@sun.com,Genderqueer,78.96.10.100
772,Casey,Rawsen,crawsenlf@g.co,Female,188.141.47.62
773,Felice,Chevin,fchevinlg@csmonitor.com,Male,78.40.171.8
774,Bevan,Royden,broydenlh@weather.com,Male,15.100.218.101
775,Annalise,Cescotti,acescottili@state.tx.us,Female,22.206.107.205
776,Prentiss,Showering,pshoweringlj@symantec.com,Male,17.139.2.244
777,Teriann,Olivie,tolivielk@lycos.com,Polygender,131.236.137.136
778,Ives,Abbatini,iabbatinill@lycos.com,Male,202.250.64.32
779,Thelma,Hembrow,thembrowlm@mashable.com,Female,76.138.166.157
780,Lillian,Jovic,ljovicln@google.ca,Female,16.101.4.34
781,Britt,Hentzeler,bhentzelerlo@yale.edu,Male,166.194.11.141
782,Saul,Normant,snormantlp@themeforest.net,Male,136.124.186.133
783,Caritta,Spaunton,cspauntonlq@xing.com,Female,148.78.148.233
784,Clarie,Kendal,ckendallr@hostgator.com,Female,230.38.46.174
785,Verla,Jakucewicz,vjakucewiczls@businessinsider.com,Female,94.210.224.250
786,Orlando,Twelvetrees,otwelvetreeslt@arizona.edu,Male,96.157.196.55
787,Shelton,Morcombe,smorcombelu@google.co.jp,Male,24.199.249.158
788,Sigrid,Bandiera,sbandieralv@huffingtonpost.com,Female,167.44.239.170
789,Elka,Littleover,elittleoverlw@illinois.edu,Female,74.74.77.161
790,Abby,Franc,afranclx@slashdot.org,Polygender,37.23.185.135
791,Stephie,Cruttenden,scruttendenly@youtu.be,Female,231.254.13.158
792,Frederic,Beldum,fbeldumlz@yahoo.com,Male,121.106.107.93
793,Naomi,Goney,ngoneym0@meetup.com,Agender,108.10.170.198
794,Ibrahim,Oxtaby,ioxtabym1@mayoclinic.com,Male,235.120.250.148
795,Gilbertina,Orrin,gorrinm2@desdev.cn,Female,132.14.179.238
796,Leslie,Gozzard,lgozzardm3@acquirethisname.com,Female,78.59.108.187
797,Paco,Bortolini,pbortolinim4@facebook.com,Male,166.169.200.103
798,Rosalind,Blitz,rblitzm5@reference.com,Female,76.174.250.61
799,Ainslee,Norvel,anorvelm6@imageshack.us,Female,77.5.96.218
800,Moyra,Bransden,mbransdenm7@elegantthemes.com,Female,199.60.251.152
801,Conni,Dronsfield,cdronsfieldm8@netlog.com,Female,20.186.221.100
802,Sena,Ianni,siannim9@google.es,Agender,24.217.25.19
803,Francene,Gribbin,fgribbinma@furl.net,Female,61.210.82.114
804,Jacquenetta,Burdass,jburdassmb@ftc.gov,Female,191.20.205.63
805,Aluin,Fraser,afrasermc@prnewswire.com,Male,109.197.161.101
806,Orelie,O'Shea,oosheamd@merriam-webster.com,Female,232.152.4.24
807,Marty,Guilloneau,mguilloneaume@google.ru,Male,216.85.62.134
808,Chariot,Eastop,ceastopmf@quantcast.com,Male,116.54.94.27
809,Tandi,Cutridge,tcutridgemg@thetimes.co.uk,Female,15.45.7.200
810,Jesus,Paffot,jpaffotmh@cafepress.com,Male,12.146.197.178
811,Alair,Kleeborn,akleebornmi@spotify.com,Male,154.193.188.31
812,Damara,McCreary,dmccrearymj@constantcontact.com,Genderfluid,152.18.178.55
813,Elsbeth,Mingauld,emingauldmk@elpais.com,Female,79.183.244.208
814,Prue,Hasselby,phasselbyml@google.com,Female,88.176.167.177
815,Candra,Giles,cgilesmm@cbc.ca,Female,31.127.114.149
816,Lainey,Guilford,lguilfordmn@wiley.com,Female,249.168.131.14
817,Kristofor,Tuckerman,ktuckermanmo@phoca.cz,Male,56.106.19.98
818,Jada,Pringer,jpringermp@surveymonkey.com,Female,136.204.225.237
819,Wilt,Axby,waxbymq@prweb.com,Male,53.205.204.232
820,Locke,Buesden,lbuesdenmr@privacy.gov.au,Male,167.84.102.31
821,Michal,Marjoram,mmarjoramms@123-reg.co.uk,Male,33.107.28.29
822,Winni,L'Amie,wlamiemt@seattletimes.com,Female,242.249.214.154
823,Tillie,Goodricke,tgoodrickemu@dropbox.com,Female,113.134.89.121
824,Emmet,Ferrarese,eferraresemv@i2i.jp,Male,252.17.114.237
825,Elaine,Schade,eschademw@omniture.com,Female,80.51.101.207
826,Rodolph,Selway,rselwaymx@twitpic.com,Male,56.86.124.76
827,Filia,Reid,freidmy@statcounter.com,Female,82.118.158.167
828,Atlante,Volkes,avolkesmz@apache.org,Female,157.9.39.211
829,Yorker,Urian,yuriann0@noaa.gov,Male,126.159.216.32
830,Yank,Tumilson,ytumilsonn1@sun.com,Male,86.173.209.183
831,Abie,Daintree,adaintreen2@cmu.edu,Non-binary,176.181.223.212
832,Claiborn,Elias,celiasn3@gmpg.org,Male,142.185.7.187
833,Bessie,Cassimer,bcassimern4@tamu.edu,Female,243.190.96.147
834,Hunfredo,Ambrogini,hambroginin5@ucoz.com,Male,210.11.104.123
835,Mellicent,Westerman,mwestermann6@typepad.com,Female,139.255.157.178
836,Engelbert,Hughman,ehughmann7@archive.org,Male,45.240.183.197
837,Allie,Breakspear,abreakspearn8@csmonitor.com,Male,136.56.152.76
838,Sylvester,Graves,sgravesn9@earthlink.net,Male,3.21.168.49
839,Kellie,Train,ktrainna@mapy.cz,Female,35.196.222.42
840,Mendie,Nevinson,mnevinsonnb@nytimes.com,Male,133.107.198.104
841,Tammy,Whitney,twhitneync@yahoo.co.jp,Male,160.133.111.95
842,Cornelius,Goghin,cgoghinnd@nydailynews.com,Male,174.171.195.146
843,Waring,Meineking,wmeinekingne@prweb.com,Male,237.235.41.220
844,Kylila,Rizziello,krizziellonf@wiley.com,Female,207.56.149.132
845,Tommie,Tommen,ttommenng@time.com,Male,220.117.108.201
846,Clevie,Holhouse,cholhousenh@google.com,Male,119.248.99.98
847,Noni,Blueman,nbluemanni@storify.com,Female,79.109.178.19
848,Liam,Spacie,lspacienj@meetup.com,Male,37.254.62.11
849,Gwynne,Sallnow,gsallnownk@blinklist.com,Female,143.50.85.71
850,Hildagarde,Sheards,hsheardsnl@vkontakte.ru,Female,36.199.44.26
851,Gun,Langran,glangrannm@boston.com,Male,122.137.16.107
852,Bax,Sarra,bsarrann@imdb.com,Male,73.1.82.68
853,Koenraad,Giddens,kgiddensno@squarespace.com,Male,22.159.210.31
854,Hedvige,Gabbett,hgabbettnp@exblog.jp,Female,140.7.119.212
855,Der,Layborn,dlaybornnq@amazon.co.uk,Male,130.23.163.92
856,Delphinia,Hull,dhullnr@deliciousdays.com,Female,172.72.167.8
857,Shaylah,McFfaden,smcffadenns@delicious.com,Female,197.107.6.159
858,Nevil,Gaze,ngazent@mapy.cz,Male,182.54.130.104
859,Alecia,Hubback,ahubbacknu@usa.gov,Female,247.242.184.234
860,Joseito,Marchenko,jmarchenkonv@ihg.com,Male,132.187.85.119
861,Vincent,Sainsberry,vsainsberrynw@theglobeandmail.com,Male,120.42.234.236
862,Fredrick,Brandassi,fbrandassinx@scientificamerican.com,Non-binary,103.238.112.20
863,Sunny,Hand,shandny@cdbaby.com,Female,101.114.116.71
864,Christalle,Andryushin,candryushinnz@tumblr.com,Female,96.77.185.156
865,Jaime,Myner,jmynero0@digg.com,Male,143.83.196.210
866,Simeon,Southerell,ssoutherello1@ft.com,Male,113.177.16.96
867,Marten,Pridding,mpriddingo2@macromedia.com,Male,104.152.150.135
868,Emiline,Cotterel,ecotterelo3@usda.gov,Female,204.153.167.7
869,Steven,Soot,ssooto4@opensource.org,Male,192.185.115.71
870,Allegra,Pllu,aplluo5@discuz.net,Female,123.109.100.73
871,Montague,McCoy,mmccoyo6@domainmarket.com,Male,229.175.83.137
872,Barrie,Lindenstrauss,blindenstrausso7@blogger.com,Female,182.44.3.230
873,Stefan,Jimson,sjimsono8@toplist.cz,Male,148.222.146.93
874,Janaya,Scamp,jscampo9@cisco.com,Female,6.239.51.17
875,Carroll,O'Kane,cokaneoa@so-net.ne.jp,Female,182.175.121.253
876,Obadias,Gilstoun,ogilstounob@behance.net,Male,131.93.168.237
877,Ulrica,Pennino,upenninooc@desdev.cn,Female,14.10.185.42
878,Brynn,Eckh,beckhod@yellowpages.com,Female,114.45.127.27
879,Aundrea,Beel,abeeloe@booking.com,Female,250.51.66.189
880,Bella,Marre,bmarreof@jigsy.com,Female,180.55.48.36
881,Bennie,Scrigmour,bscrigmourog@vistaprint.com,Female,84.60.220.226
882,Phaidra,Robey,probeyoh@cornell.edu,Female,212.59.67.243
883,Xylina,Rumke,xrumkeoi@lycos.com,Non-binary,190.244.95.104
884,Mindy,Lehrer,mlehreroj@edublogs.org,Female,55.199.4.184
885,Julietta,Pinches,jpinchesok@un.org,Female,227.37.31.237
886,Goddart,Dray,gdrayol@adobe.com,Male,4.144.144.133
887,Cammy,Westphal,cwestphalom@hao123.com,Female,30.179.148.112
888,Alfred,Rany,aranyon@imageshack.us,Male,201.33.192.175
889,Orin,Oolahan,ooolahanoo@icio.us,Male,198.152.0.129
890,Rowland,Darville,rdarvilleop@surveymonkey.com,Non-binary,236.66.45.144
891,Noland,Bricknell,nbricknelloq@umn.edu,Male,169.254.221.40
892,Carmita,Lenormand,clenormandor@google.co.uk,Female,95.28.106.125
893,Anabella,Meeron,ameeronos@tinyurl.com,Female,9.81.160.162
894,Ansley,George,ageorgeot@bravesites.com,Female,79.97.24.85
895,Collette,Buglar,cbuglarou@cafepress.com,Female,108.147.67.181
896,Mindy,Stuckley,mstuckleyov@360.cn,Female,166.229.5.126
897,Murray,O'Corrane,mocorraneow@t-online.de,Male,26.62.25.90
898,Annabal,Padefield,apadefieldox@rakuten.co.jp,Female,30.17.174.75
899,Mathew,Popple,mpoppleoy@infoseek.co.jp,Male,142.142.207.85
900,Bar,Mongeot,bmongeotoz@usda.gov,Male,162.194.23.37
901,Dorie,Ivanaev,divanaevp0@dmoz.org,Female,97.189.3.110
902,Arni,McGee,amcgeep1@miitbeian.gov.cn,Male,149.170.171.105
903,Petey,Sterre,psterrep2@blogger.com,Male,110.54.106.6
904,Becky,Haldenby,bhaldenbyp3@nationalgeographic.com,Female,254.22.38.140
905,Thorny,Girardi,tgirardip4@dyndns.org,Male,225.215.188.152
906,Gaelan,Welbeck,gwelbeckp5@1und1.de,Male,138.217.52.75
907,Vikki,Condie,vcondiep6@nih.gov,Female,227.230.178.144
908,Caitlin,Fisbey,cfisbeyp7@etsy.com,Female,13.176.79.169
909,Breena,Slyne,bslynep8@hatena.ne.jp,Female,100.39.170.159
910,Rene,Mellor,rmellorp9@bloomberg.com,Male,244.46.39.92
911,Robenia,Vango,rvangopa@istockphoto.com,Female,38.133.108.49
912,Mahmoud,Phelipeau,mphelipeaupb@sourceforge.net,Male,132.13.167.75
913,Bethena,Bum,bbumpc@simplemachines.org,Female,255.220.50.222
914,Dominic,Prowse,dprowsepd@usnews.com,Male,235.102.119.194
915,Erena,Biasioni,ebiasionipe@marketwatch.com,Female,236.138.3.135
916,Korey,Valde,kvaldepf@biblegateway.com,Agender,108.20.187.165
917,Dick,Smiley,dsmileypg@ted.com,Agender,81.30.247.148
918,Elysee,Kneeshaw,ekneeshawph@jalbum.net,Female,98.59.21.247
919,Hillyer,Amis,hamispi@sina.com.cn,Male,107.234.229.9
920,Jacenta,Hought,jhoughtpj@homestead.com,Bigender,152.178.137.41
921,Dmitri,Strelitz,dstrelitzpk@youtu.be,Male,202.140.225.76
922,Britteny,Crowcum,bcrowcumpl@time.com,Female,12.221.144.102
923,Concordia,Heningham,cheninghampm@google.it,Female,28.176.163.185
924,Avictor,Haskett,ahaskettpn@mit.edu,Male,178.189.106.137
925,Lanita,Lyster,llysterpo@tinypic.com,Female,86.150.78.98
926,Igor,Shevlin,ishevlinpp@jalbum.net,Male,157.202.86.235
927,Shane,Hosten,shostenpq@census.gov,Male,74.120.123.43
928,Gustav,Quilleash,gquilleashpr@nytimes.com,Male,57.221.111.194
929,Jacinda,Dengel,jdengelps@craigslist.org,Polygender,175.93.7.184
930,Horace,Darell,hdarellpt@cmu.edu,Male,224.193.42.150
931,Bettye,Eate,beatepu@house.gov,Agender,140.156.136.186
932,Sargent,Jaqueme,sjaquemepv@cocolog-nifty.com,Male,236.119.162.142
933,Shaylynn,McVrone,smcvronepw@umich.edu,Female,13.172.137.131
934,Nedi,Falconar,nfalconarpx@lycos.com,Female,167.26.69.206
935,Georgy,Haddinton,ghaddintonpy@timesonline.co.uk,Male,173.224.19.25
936,Ki,Burdell,kburdellpz@ebay.com,Female,73.161.99.85
937,Joyann,Torri,jtorriq0@nyu.edu,Polygender,217.132.126.29
938,Ludovico,Camidge,lcamidgeq1@upenn.edu,Male,111.155.146.41
939,Slade,Stelfox,sstelfoxq2@comcast.net,Male,19.160.146.40
940,Vicky,Fardoe,vfardoeq3@google.cn,Female,174.77.148.44
941,Huberto,Timothy,htimothyq4@sbwire.com,Male,128.20.51.194
942,Meryl,Tweedlie,mtweedlieq5@chicagotribune.com,Female,97.169.17.116
943,Stormi,McMurthy,smcmurthyq6@myspace.com,Female,200.196.137.161
944,Chelsie,Idle,cidleq7@multiply.com,Female,119.105.218.230
945,Isacco,MacConnal,imacconnalq8@gmpg.org,Male,192.74.230.179
946,Pooh,Meiner,pmeinerq9@arstechnica.com,Male,128.78.201.182
947,Suellen,Abelwhite,sabelwhiteqa@jigsy.com,Female,149.91.59.50
948,Robin,Bines,rbinesqb@w3.org,Male,111.153.35.43
949,Zola,Sworne,zsworneqc@si.edu,Female,211.79.192.188
950,Catrina,Yesipov,cyesipovqd@yelp.com,Female,138.253.237.37
951,Othilia,Gremane,ogremaneqe@google.com.hk,Female,215.5.95.116
952,Allister,Daniels,adanielsqf@answers.com,Male,132.147.192.88
953,Bekki,Leith-Harvey,bleithharveyqg@earthlink.net,Female,219.225.226.78
954,Teodora,Silverman,tsilvermanqh@cbsnews.com,Female,180.200.212.56
955,Garrick,Paeckmeyer,gpaeckmeyerqi@tinyurl.com,Male,224.203.170.253
956,Lyn,Hinder,lhinderqj@youku.com,Female,93.113.247.58
957,Ericka,Manz,emanzqk@time.com,Female,49.88.252.22
958,Willdon,Studd,wstuddql@wiley.com,Male,19.228.154.182
959,Olenolin,Gell,ogellqm@simplemachines.org,Male,31.143.7.128
960,Elisabetta,Haddacks,ehaddacksqn@wordpress.org,Female,0.103.211.116
961,Arnoldo,Kernock,akernockqo@twitter.com,Male,80.101.64.68
962,Feliks,Paulitschke,fpaulitschkeqp@yellowpages.com,Male,99.96.252.177
963,Thomasin,Kellington,tkellingtonqq@cpanel.net,Female,114.127.16.152
964,Molly,Ferry,mferryqr@bandcamp.com,Genderqueer,185.194.42.20
965,Aleen,Ziems,aziemsqs@meetup.com,Female,124.178.220.246
966,Patrice,O'Lochan,polochanqt@bluehost.com,Male,17.20.18.219
967,Chaddy,Gerger,cgergerqu@businessinsider.com,Male,126.79.155.19
968,Imogene,Rotter,irotterqv@forbes.com,Female,73.224.166.69
969,Aloisia,Sancias,asanciasqw@whitehouse.gov,Female,34.240.158.240
970,Hamlen,Sambells,hsambellsqx@mapy.cz,Male,29.220.245.231
971,Darleen,Mews,dmewsqy@wufoo.com,Female,233.234.194.181
972,Dennie,Worswick,dworswickqz@moonfruit.com,Female,230.121.97.205
973,Selig,Bathurst,sbathurstr0@comcast.net,Male,191.4.247.130
974,Salmon,Kemitt,skemittr1@4shared.com,Male,111.13.5.16
975,Evered,Harberer,eharbererr2@rediff.com,Male,220.53.69.98
976,Biron,Knowller,bknowllerr3@icio.us,Male,109.85.150.2
977,Waring,McCerery,wmccereryr4@fc2.com,Male,26.41.216.173
978,Ida,Maro,imaror5@sun.com,Female,184.200.201.231
979,Orton,Porrett,oporrettr6@nymag.com,Male,152.189.84.170
980,Israel,Battershall,ibattershallr7@guardian.co.uk,Male,61.148.190.243
981,Haleigh,Durnill,hdurnillr8@cnet.com,Male,78.175.115.103
982,Emilia,Huttley,ehuttleyr9@china.com.cn,Female,124.128.152.41
983,Wren,Shovelin,wshovelinra@seesaa.net,Female,143.199.113.242
984,Ulrich,Mathon,umathonrb@shareasale.com,Male,127.2.238.166
985,Massimiliano,Turvie,mturvierc@elegantthemes.com,Male,41.44.180.45
986,Melessa,Dawes,mdawesrd@bigcartel.com,Female,142.62.62.231
987,Stormy,Lovick,slovickre@comsenz.com,Female,239.88.75.167
988,Maryl,Van Hault,mvanhaultrf@harvard.edu,Female,18.109.196.151
989,Pegeen,Kempstone,pkempstonerg@sphinn.com,Female,164.227.253.18
990,Rustin,Swayte,rswayterh@xing.com,Male,184.101.145.180
991,Annnora,A'field,aafieldri@twitpic.com,Female,82.10.182.156
992,Alistair,Haswall,ahaswallrj@google.cn,Male,208.88.186.135
993,Martie,Saffell,msaffellrk@utexas.edu,Male,191.239.24.196
994,Petra,Bazoge,pbazogerl@deviantart.com,Female,2.181.55.150
995,Michal,Witherop,mwitheroprm@mysql.com,Male,145.14.148.179
996,Prisca,Ellington,pellingtonrn@ehow.com,Female,53.205.195.7
997,Rosalinda,Grut,rgrutro@squarespace.com,Female,195.44.160.243
998,Melantha,Haldane,mhaldanerp@ftc.gov,Female,231.48.191.112
999,Hilton,Marzelle,hmarzellerq@creativecommons.org,Male,119.12.216.126
1000,Lisetta,Shoard,lshoardrr@time.com,Female,91.45.172.114
